,Max Features,Accuracy,Precision
0,250,0.957469,0.87383
1,275,0.960562,0.892507
2,325,0.962623,0.904723
3,350,0.960824,0.897319
