,Max Features,Accuracy,Precision
0,100,0.942792,0.80626
1,200,0.96056,0.895748
2,300,0.96185,0.895822
3,400,0.961343,0.911994
4,500,0.957479,0.930478
5,600,0.955423,0.925009
6,700,0.955939,0.944827
7,800,0.953873,0.920028
8,900,0.951036,0.913484
9,1000,0.947424,0.887601
10,1100,0.942262,0.846784
11,1200,0.941487,0.844129
12,1300,0.940458,0.837258
13,1400,0.93891,0.834598
14,1500,0.93995,0.842166
